Item,list,Verbtype,group,semanticprime,Gfprime,Context,Sentence1,Target,Reference Question,Content question,Correct content answer (from context S),Incorrect content answer
p01,,gs,priming,goal,subject,Ana and Matt were taking an English lit class together.,Ana borrowed the book from Matt,and then she looked up a reference.,Did Ana look up a reference?,What were Ana and Matt doing?,taking an English lit class together,playing with the frisbee
p17,,sg,priming,source,subject,Ana and Will were playing baseball.,Ana threw the ball to Will,and then she shielded her eyes.,Did Ana shield her eyes?,What were Ana and Will doing?,playing baseball,watching the basketball game
p29,,sg,priming,source,subject,Will and Liz were grocery shopping.,Will gave the credit card to Liz,and then he browsed the magazines.,Did Will browse the magazines?,What were Will and Liz doing?,grocery shopping,getting ready for the holidays
p13,,gs,priming,goal,subject,Will and Liz were watching TV.,Will took the remote from Liz,and then he changed the channel.,Did Will change the channel?,What were Will and Liz doing?,watching TV,playing basketball
p02,,gs,priming,goal,subject,Ana and Will were looking at their old silverware.,Ana took a serving spoon from Will,and then she got out the silver polish.,Did Will get the silver polish out?,What did Ana take from Will?,a serving spoon,the fries
p26,,sg,priming,source,subject,Matt and Liz were getting ready for the holidays.,Matt mailed the Christmas card to Liz,and then he bought more stamps.,Did Matt buy more stamps?,What were Matt and Liz doing?,getting ready for the holidays,going skiing
p25,,sg,priming,source,subject,Matt and Ana were cooking dinner.,Matt handed the salt to Ana ,and then he made a salad.,Did Ana make a salad?,What did Matt hand to Ana?,the salt,an article
p05,,gs,priming,goal,subject,Liz and Will were getting ready for a party.,Liz borrowed a hat from Will,and then she put it on.,Did Will put a hat on?,What were Liz and Will doing?,getting ready for a party,taking an English lit class together
p08,,gs,priming,goal,subject,Liz and Matt were building an Ikea desk.,Liz got the instructions from Matt,and then she read them out loud.,Did Matt read the instructions out loud?,What did Liz get from Matt?,the instructions,a ride
p21,,sg,priming,source,subject,Liz was going skiing with Matt.,Liz loaned some gloves to Matt,and then she hit the slopes.,Did Matt hit the slopes?,What were Liz and Matt doing?,going skiing,playing baseball
p10,,gs,priming,goal,subject,Matt and Liz were dividing up the rent for the apartment.,Matt received a check from Liz,and then he paid the landlord.,Did Matt pay the landlord?,What were Matt and Liz doing?,dividing up the rent for the apartment,playing with the frisbee
p30,,sg,priming,source,subject,Will and Ana were going ice skating.,Will brought the skates to Ana,and then he put his gloves on.,Did Ana put her gloves on?,What did Will bring to Ana?,the skates,a stack of dishes
s10,2,gs,critical,na,,Will and Matt were taking an exam in class.,Will borrowed a pencil from Matt,and then he began his exam.,Did Matt begin his exam?,What did Will borrow from Matt?,a pencil,the quarters
p27,,sg,priming,source,subject,Matt and Ana were walking the dog.,Matt brought the ball to Ana,and then he pet the dog.,Did Matt pet the dog?,What were Matt and Ana doing?,walking the dog,looking through their old books
p09,,gs,priming,goal,subject,Matt and Ana were eating at their favorite restaurant.,Matt got the ketchup from Ana,and then he squirted it all over the french fries.,Did Ana squirt ketchup all over the french fries?,What did Matt get from Ana?,the ketchup,the gift
s01,2,sg,critical,na,,Ana and Liz were texting in class.,Ana sent a text to Liz,and then she took a screenshot.,Did Ana take a screenshot?,What were Ana and Liz doing?,texting in class,arriving home at different times
p20,,sg,priming,source,subject,Ana and Matt were having dinner at a fancy restaurant.,Ana offered some wine to Matt,and then she tried the appetizer.,Did Matt try the appetizer?,What did Ana offer to Matt?,some wine,the salt
p15,,gs,priming,goal,subject,Will and Liz were eating at a fast food restaurant.,Will took the fries from Liz,and then he ate them all up.,Did Liz eat all the fries up?,What did Will take from Liz?,the fries,the ketchup
s07,2,sg,critical,na,,Liz and Ana were writing a chemistry report together.,Liz gave the notebook to Ana,and then she wrote the results section.,Did Ana write the results section?,What did Liz give to Ana?,the notebook,the coupons
p31,,sg,priming,source,subject,Will and Liz were watching the basketball game.,Will handed the popcorn to Liz,and then he got a slice of pizza. ,Did Will get a slice of pizza?,What were Will and Liz doing?,watching the basketball game,grocery shopping
p12,,gs,priming,goal,subject,Matt and Liz were studying at the library.,Matt retrieved a book from Liz,and then he took notes.,Did Matt take notes?,What were Matt and Liz doing?,studying at the library,getting ready for a party
s05,2,gs,critical,na,,Matt and Will were looking up how to get to the movie theater.,Matt got the phone from Will,and then he wrote down the directions.,Did Matt write down the directions?,What were Matt and Will doing?,looking up how to get to the movie theater,throwing away the trash
p06,,gs,priming,goal,subject,Liz and Matt were playing with the frisbee outside.,Liz snatched the frisbee from Matt,and then she slipped on some mud.,Did Liz slip on some mud?,What were Liz and Matt doing?,playing with the frisbee,studying at the library
p19,,sg,priming,source,subject,Ana and Will were looking through their old books.,Ana loaned a novel to Will,and then she organized her comic books.,Did Ana organize her comic books?,What were Ana and Will doing?,looking through their old books,cleaning the car
s11,2,sg,critical,na,,Will and Matt were arriving home at different times.,Will loaned an extra key to Matt,and then he took the bus home.,Did Will take the bus home?,What were Will and Matt doing?,arriving home at different times,throwing away the trash
p07,,gs,priming,goal,subject,Liz and Will were passing notes in class.,Liz received a note from Will,and then she giggled.,Did Will giggle?,What did Liz receive from Will?,a note,a serving spoon
p18,,sg,priming,source,subject,Ana and Matt were going hiking.,Ana loaned a backpack to Matt,and then she grabbed some snacks.,Did Matt grab some snacks?,What did Ana loan to Matt?,a backpack,the detergent
s09,2,gs,critical,na,,Liz and Ana were throwing away the trash.,Liz collected the garbage from Ana,and then she left the apartment.,Did Liz leave the apartment?,What were Liz and Ana doing?,throwing away the trash,cleaning up the apartment
p03,,gs,priming,goal,subject,Ana and Matt were playing basketball.,Ana got the ball from Matt,and then she made a basket.,Did Ana make a basket?,What were Ana and Matt doing?,playing basketball,watching TV
p32,,sg,priming,source,subject,Will and Ana were doing their laundry at the laundromat.,Will threw the detergent to Ana,and then he folded his clothes.,Did Ana fold her clothes?,What did Will throw to Ana?,the detergent,the rake
s02,2,gs,critical,na,,Ana and Liz were getting ready to go shopping.,Ana snatched the coupons from Liz,and then she wrote a shopping list.,Did Liz write a shopping list?,What did Ana snatch from Liz?,the coupons,the popcorn
p28,,sg,priming,source,subject,Matt and Liz were cleaning up after a dinner party.,Matt gave a stack of dishes to Liz,and then he swept the floor.,Did Liz sweep the floor?,What did Matt give to Liz?,a stack of dishes,some wine
p16,,gs,priming,goal,subject,Will and Ana were planning a party.,Will snatched the guest list from Ana,and then he added ten friends to the list.,Did Will add ten friends to the list?,What were Will and Ana doing?,planning a party,dividing up the rent for the apartment 
s03,2,sg,critical,na,,Ana and Liz were cleaning up the apartment.,Ana offered the broom to Liz,and then she tidied up the kitchen.,Did Ana tidy up the apartment?,What were Ana and Liz doing?,cleaning up the apartment,texting in class
p23,,sg,priming,source,subject,Liz and Matt were raking leaves outside.,Liz passed the rake to Matt,and then she jumped in the pile of leaves.,Did Liz jump in the pile of leaves?,What did Liz pass to Matt?,the rake,the skates
p04,,gs,priming,goal,subject,Ana and Will were going to a concert.,Ana accepted a ride from Will,and then she offered to pay for parking.,Did Will offer to pay for parking?,What did Ana accept from Will?,a ride,the instructions
s08,2,sg,critical,na,,Liz and Ana were attending a concert.,Liz offered the tickets to Ana,and then she waited in line.,Did Ana wait in line?,What did Liz offer to Ana?,the tickets,the gift
p24,,sg,priming,source,subject,Liz and Will were cleaning the car.,Liz passed the soap to Will,and then she turned on the hose.,Did Liz turn on the hose?,What were Liz and Will doing?,cleaning the car,walking the dog
p14,,gs,priming,goal,subject,Will and Ana were fishing in the lake.,Will retrieved the fishing pole from Ana,and then he prepared the bait.,Did Will prepare the bait?,What did Will retrieve from Ana?,the fishing pole,a note
s04,2,sg,critical,na,,Matt and Will were playing arcade games.,Matt gave the quarters to Will,and then he chose a game.,Did Will choose a game?,What did Matt give to Will?,the quarters,the notebook
p11,,gs,priming,goal,subject,Matt and Ana were participating in a gift exchange.,Matt accepted the gift from Ana,and then he unwrapped it.,Did Ana unwrap the gift?,What did Matt accept from Ana?,the gift,the fishing pole
s12,2,gs,critical,na,,Will and Matt were watching a movie.,Will took the popcorn from Matt,and then he drank some soda.,Did Matt drink some soda?,What did Will take from Matt?,the popcorn,a pencil
p22,,sg,priming,source,subject,Liz and Will were working on a class paper together.,Liz sent an article to Will,and then she worked on an outline.,Did Will work on an outline?,What did Liz send to Will?,an article,a backpack
s06,2,gs,critical,na,,Matt and Will were at a flower shop.,Matt took the flowers from Will,and then he walked up to the counter.,Did Matt walk up to the counter?,Where were Matt and Will at?,a flower shop,the gym